subject,experiment,session,localization,montage,system_version,word_duration,word_duration_rounded
R1204T,RepFR1,0,1,1,4.0,1602.57326007326,1600.0
R1204T,RepFR1,2,1,1,4.0,1611.4139194139193,1600.0
R1204T,RepFR1,1,1,1,4.0,1604.628205128205,1600.0
R1501J,RepFR1,0,0,0,1.0,1598.69676169371,1600.0
R1501J,RepFR1,2,0,0,1.0,1598.76806640625,1600.0
R1501J,RepFR1,1,0,0,1.0,1598.8198806251378,1600.0
R1514E,RepFR1,0,0,0,1.0,1592.8565602781912,1600.0
R1516E,RepFR1,0,0,0,1.0,1592.9044234664352,1600.0
R1516E,RepFR1,1,1,1,1.0,1685.1,1600.0
R1528E,RepFR1,0,0,0,1.0,1600.3923331232088,1600.0
R1528E,RepFR1,1,0,0,1.0,1600.1796130091216,1600.0
R1531T,RepFR1,0,0,0,1.0,1600.2428934487953,1600.0
R1531T,RepFR1,1,0,0,1.0,1600.203211977789,1600.0
R1534D,RepFR1,0,0,0,1.0,1600.1379235215497,1600.0
R1547D,RepFR1,0,0,0,1.0,1600.1995567577435,1600.0
R1556J,RepFR1,1,1,1,4.0,1604.6098901098903,1600.0
R1556J,RepFR1,0,1,1,4.0,1603.8038461538463,1600.0
R1556J,RepFR1,4,0,1,4.0,,
R1556J,RepFR1,3,0,1,4.0,,
R1556J,RepFR1,2,0,0,1.0,1600.1073208146106,1600.0
R1564J,RepFR1,0,0,0,4.0,1600.0668191792051,1600.0
R1564J,RepFR1,1,0,0,4.0,1600.0315763819995,1600.0
R1564J,RepFR1,2,0,0,4.0,1600.1320830922068,1600.0
R1566D,RepFR1,4,0,0,1.0,1600.1716033020557,1600.0
R1566D,RepFR1,1,0,0,1.0,1600.1515557829034,1600.0
R1566D,RepFR1,3,0,0,1.0,1600.1368883997466,1600.0
R1568E,RepFR1,1,0,0,1.0,1600.0978994864004,1600.0
R1568E,RepFR1,0,0,0,1.0,1600.2353420896716,1600.0
R1579T,RepFR1,1,0,0,4.0,1600.0486187065972,1600.0
R1579T,RepFR1,0,0,0,4.0,1599.8868728987545,1600.0
R1582E,RepFR1,2,0,0,1.0,1600.333171864666,1600.0
R1582E,RepFR1,1,0,0,1.0,1600.467353618965,1600.0
R1582E,RepFR1,0,0,0,1.0,1600.394745249807,1600.0
R1584J,RepFR1,2,0,0,4.0,750.0605369715884,750.0
R1584J,RepFR1,5,0,0,4.0,750.145190903329,750.0
R1584J,RepFR1,1,0,0,4.0,750.0693591889881,750.0
R1584J,RepFR1,0,0,0,4.0,750.0746450272817,750.0
R1584J,RepFR1,3,0,0,4.0,750.2157458216215,750.0
R1584J,RepFR1,4,0,0,4.0,750.1064009624394,750.0
R1586T,RepFR1,0,0,0,4.0,1599.8964680128418,1600.0
R1587J,RepFR1,3,0,0,4.0,749.9582342992173,750.0
R1587J,RepFR1,1,0,0,4.0,749.974117218502,750.0
R1587J,RepFR1,2,0,0,4.0,750.1028762090774,750.0
R1589T,RepFR1,1,0,0,4.0,1600.2123308669532,1600.0
R1589T,RepFR1,0,0,0,4.0,1600.1265427792935,1600.0
R1589T,RepFR1,2,0,0,4.0,1600.0282273065477,1600.0
R1589T,RepFR1,3,0,0,4.0,1600.0510262517912,1600.0
R1590T,RepFR1,0,0,0,4.0,1599.9864099357915,1600.0
R1590T,RepFR1,1,0,0,4.0,1600.1253918306327,1600.0
R1590T,RepFR1,2,0,0,4.0,750.0473718929122,750.0
R1590T,RepFR1,3,0,0,4.0,749.9617379540068,750.0
R1593D,RepFR1,0,0,0,1.0,1600.1494317164077,1600.0
R1593D,RepFR1,1,0,0,1.0,1600.0813173431989,1600.0
R1594E,RepFR1,0,0,0,4.0,750.0675826030644,750.0
R1596T,RepFR1,0,0,0,4.0,750.1209365871638,750.0
R1603T,RepFR1,0,0,0,4.0,750.120589967758,750.0
R1604J,RepFR1,0,0,0,4.0,750.2051539076278,750.0
R1610D,RepFR1,1,0,0,4.0,750.0182128045084,750.0
R1610D,RepFR1,2,0,0,4.0,749.9723380490796,750.0
R1610D,RepFR1,0,0,0,4.0,749.9617573302469,750.0
R1611T,RepFR1,0,0,0,4.0,750.2781467875055,750.0
R1611T,RepFR1,1,0,0,4.0,750.061305993028,750.0
R1612E,RepFR1,0,0,0,4.0,749.9652954316854,750.0
R1613T,RepFR1,1,0,0,4.0,750.097751839451,750.0
R1613T,RepFR1,0,0,0,4.0,749.8111643311838,750.0
R1615T,RepFR1,0,0,0,4.0,749.8750479934562,750.0
R1618J,RepFR1,0,0,0,4.0,750.0552472580467,750.0
R1619T,RepFR1,0,0,0,4.0,750.2120639054233,750.0
R1620J,RepFR1,0,0,0,4.0,750.194587828621,750.0
R1621E,RepFR1,1,0,0,4.0,750.0975877872851,750.0
R1621E,RepFR1,0,0,0,4.0,750.1663557856592,750.0
R1622T,RepFR1,0,0,0,4.0,749.9214086784888,750.0
R1622T,RepFR1,1,0,0,4.0,750.0819873305225,750.0
R1624E,RepFR1,1,0,0,4.0,750.0305602058531,750.0
R1624E,RepFR1,2,0,0,4.0,750.1716670283565,750.0
R1624E,RepFR1,3,0,0,4.0,750.1363712694279,750.0
R1624E,RepFR1,4,0,0,4.0,750.120517629795,750.0
R1625T,RepFR1,3,0,0,4.0,749.9973665536817,750.0
R1625T,RepFR1,0,0,0,4.0,750.0645603401952,750.0
R1625T,RepFR1,1,0,0,4.0,757.419413919414,750.0
R1627T,RepFR1,1,0,0,4.0,750.0962913015322,750.0
R1628E,RepFR1,1,0,0,4.0,750.1452068349041,750.0
R1628E,RepFR1,0,0,0,4.0,750.1910734092537,750.0
R1630E,RepFR1,1,0,0,4.0,750.210464719742,750.0
R1630E,RepFR1,0,0,0,4.0,750.2280837501378,750.0
R1632E,RepFR1,1,0,0,4.0,750.028778022349,750.0
R1632E,RepFR1,2,0,0,4.0,750.0252657558973,750.0
R1632E,RepFR1,0,0,0,4.0,750.1310824170524,750.0
R1633J,RepFR1,0,0,0,4.0,752.5634028682002,750.0
R1633J,RepFR1,1,0,0,4.0,752.709716796875,750.0
R1633J,RepFR1,2,0,0,4.0,752.5673947101913,750.0
R1635T,RepFR1,0,0,0,4.0,750.0655713493442,750.0
R1638E,RepFR1,1,0,0,4.0,752.8755024904927,750.0
R1638E,RepFR1,0,0,0,4.0,752.8949131772212,750.0
R1642J,RepFR1,5,0,0,4.0,752.7643918099648,750.0
R1642J,RepFR1,6,0,0,4.0,752.635642722801,750.0
R1642J,RepFR1,3,0,0,4.0,752.5091335490598,750.0
R1642J,RepFR1,2,0,0,4.0,752.4045840739362,750.0
R1642J,RepFR1,1,0,0,4.0,752.6268200748182,750.0
R1642J,RepFR1,0,0,0,4.0,752.4010636264054,750.0
R1642J,RepFR1,4,0,0,4.0,752.6427060081845,750.0
R1644T,RepFR1,1,0,0,4.0,749.8392155519006,750.0
R1644T,RepFR1,2,0,0,4.0,749.9804493737599,750.0
R1644T,RepFR1,0,0,0,4.0,749.9283974729939,750.0
R1650E,RepFR1,0,0,0,4.0,752.1188676353064,750.0
R1651J,RepFR1,1,0,0,4.0,752.5209913573358,750.0
R1651J,RepFR1,0,0,0,4.0,752.5950757654045,750.0
R1651J,RepFR1,2,0,0,4.0,752.2917148919753,750.0
R1651J,RepFR1,3,0,0,4.0,752.2582094976301,750.0
R1653J,RepFR1,0,0,0,4.0,752.6038915240575,750.0
R1653J,RepFR1,1,0,0,4.0,752.4716232811122,750.0
R1654J,RepFR1,0,0,0,4.0,752.6144804239693,750.0
R1670J,RepFR1,0,0,0,4.0,752.3640265893683,750.0
R1670J,RepFR1,1,0,0,4.0,752.4786525504298,750.0
R1679J,RepFR1,0,0,0,4.0,751.5685626102293,750.0
R1679J,RepFR1,1,0,0,4.0,754.7221576347553,750.0
R1679J,RepFR1,3,0,0,4.0,752.3798832430831,750.0
R1679J,RepFR1,2,0,0,4.0,751.3198668464781,750.0
R1681J,RepFR1,4,0,0,4.0,753.7097783702601,750.0
R1681J,RepFR1,3,0,0,4.0,752.378124311067,750.0
R1681J,RepFR1,2,0,0,4.0,752.5174722015543,750.0
R1681J,RepFR1,1,0,0,4.0,749.8753552310682,750.0
R1681J,RepFR1,0,0,0,4.0,751.3269305624449,750.0
R1690E,RepFR1,0,0,0,4.0,753.746826171875,750.0
R1690E,RepFR1,1,0,0,4.0,752.376365379051,750.0
R1692T,RepFR1,0,0,0,4.0,749.8885948006227,750.0
