subject,subject_alias,experiment,original_experiment,session,original_session,system_version
R1001P,R1001P,FR1,,0,0,1.0
R1001P,R1001P,FR1,,1,1,1.0
R1001P,R1001P,FR2,,0,0,1.0
R1001P,R1001P,FR2,,1,1,1.0
R1001P,R1001P,PAL1,,0,0,1.0
R1001P,R1001P,PAL1,,1,1,1.0
R1001P,R1001P,YC1,,0,0,1.0
R1001P,R1001P,YC1,,1,1,1.0
R1001P,R1001P,YC1,,2,2,1.0
R1002P,R1002P,FR1,,0,0,1.0
R1002P,R1002P,FR1,,1,1,1.0
R1002P,R1002P,FR2,,0,0,1.0
R1002P,R1002P,FR2,,1,1,1.0
R1002P,R1002P,FR2,,2,2,1.0
R1002P,R1002P,PAL1,,0,0,1.0
R1002P,R1002P,PAL1,,1,1,1.0
R1002P,R1002P,PAL1,,2,2,1.0
R1003P,R1003P,FR2,,0,0,1.0
R1003P,R1003P,PAL1,,0,0,1.0
R1003P,R1003P,PAL1,,1,1,1.0
R1003P,R1003P,PAL2,,0,0,1.0
R1003P,R1003P,PAL2,,1,1,1.0
R1004D,R1004D,catFR1,,0,0,1.0
R1006P,R1006P,FR1,,0,0,1.0
R1006P,R1006P,FR1,,1,1,1.0
R1006P,R1006P_1,FR2,,0,0,1.0
R1006P,R1006P_1,FR2,,1,1,1.0
R1006P,R1006P,YC1,,0,0,1.0
R1006P,R1006P,YC1,,1,1,1.0
R1006P,R1006P,YC1,,2,2,1.0
R1006P,R1006P,YC2,,0,0,1.0
R1006P,R1006P,YC2,,1,1,1.0
R1006P,R1006P_1,YC2,,2,0,1.0
R1008J,R1008J,YC1,,0,0,1.0
R1009W,R1009W,YC1,,0,0,1.0
R1010J,R1010J,FR1,,0,0,1.0
R1010J,R1010J,FR1,,1,1,1.0
R1010J,R1010J,YC1,,0,0,1.0
R1010J,R1010J,YC1,,1,1,1.0
R1013E,R1013E,YC1,,0,0,1.0
R1013E,R1013E_1,YC1,,1,0,1.0
R1013E,R1013E_1,YC2,,0,0,1.0
R1013E,R1013E_1,YC2,,1,1,1.0
R1013E,R1013E_1,catFR1,,0,0,1.0
R1014D,R1014D,YC1,,0,0,1.0
R1014D,R1014D,YC1,,1,1,1.0
R1015J,R1015J,FR1,,0,0,1.0
R1015J,R1015J,YC1,,0,0,1.0
R1015J,R1015J,YC1,,1,1,1.0
R1015J,R1015J,YC2,,0,0,1.0
R1015J,R1015J,YC2,,1,1,1.0
R1015J,R1015J,YC2,,2,2,1.0
R1015J,R1015J,YC2,,3,3,1.0
R1015J,R1015J,YC2,,4,4,1.0
R1015J,R1015J,YC2,,5,5,1.0
R1015J,R1015J,YC2,,6,6,1.0
R1015J,R1015J,catFR1,,0,0,1.0
R1016M,R1016M,FR2,,0,0,1.0
R1016M,R1016M,PAL1,,0,0,1.0
R1016M,R1016M,PAL2,,0,0,1.0
R1016M,R1016M,PAL2,,1,1,1.0
R1016M,R1016M,PAL2,,2,2,1.0
R1016M,R1016M,catFR1,,0,0,1.0
R1016M,R1016M,catFR1,,1,1,1.0
R1016M,R1016M,catFR2,,0,0,1.0
R1017J,R1017J,YC2,,0,0,1.0
R1018P,R1018P,FR1,,0,0,1.0
R1018P,R1018P,FR2,,0,0,1.0
R1018P,R1018P_1,FR2,,1,0,1.0
R1018P,R1018P_1,PAL1,,0,0,1.0
R1018P,R1018P,YC1,,0,0,1.0
R1019J,R1019J,YC1,,0,0,1.0
R1019J,R1019J,YC1,,1,1,1.0
R1019J,R1019J,YC1,,2,2,1.0
R1019J,R1019J,YC2,,0,0,1.0
R1019J,R1019J,YC2,,1,1,1.0
R1019J,R1019J,YC2,,2,2,1.0
R1019J,R1019J,YC2,,3,3,1.0
R1019J,R1019J,YC2,,4,4,1.0
R1019J,R1019J,YC2,,5,5,1.0
R1019J,R1019J,YC2,,6,6,1.0
R1020J,R1020J,FR1,,0,0,1.0
R1020J,R1020J,FR2,,0,0,1.0
R1020J,R1020J,FR2,,1,1,1.0
R1020J,R1020J,FR2,,2,2,1.0
R1020J,R1020J,FR2,,3,3,1.0
R1020J,R1020J,YC2,,0,0,1.0
R1020J,R1020J,YC2,,1,1,1.0
R1021D,R1021D,YC1,,0,0,1.0
R1021D,R1021D,YC1,,1,1,1.0
R1021D,R1021D,catFR1,,0,0,1.0
R1022J,R1022J,FR1,,0,0,1.0
R1022J,R1022J,FR2,,0,0,1.0
R1022J,R1022J,FR2,,1,1,1.0
R1023J,R1023J,FR1,,0,0,1.0
R1023J,R1023J,FR2,,0,0,1.0
R1023J,R1023J,FR2,,1,1,1.0
R1023J,R1023J,PAL1,,0,0,1.0
R1023J,R1023J,YC1,,0,0,1.0
R1023J,R1023J,YC1,,1,1,1.0
R1023J,R1023J,YC2,,0,0,1.0
R1023J,R1023J,YC2,,1,1,1.0
R1024E,R1024E_2,FR2,,0,0,1.0
R1024E,R1024E,YC1,,0,0,1.0
R1024E,R1024E_1,YC1,,1,0,1.0
R1024E,R1024E,YC2,,0,0,1.0
R1024E,R1024E,YC2,,1,1,1.0
R1024E,R1024E_1,YC2,,2,0,1.0
R1024E,R1024E_2,YC2,,3,1,1.0
R1024E,R1024E_1,catFR1,,0,0,1.0
R1024E,R1024E_1,catFR2,,0,0,1.0
R1024E,R1024E_1,catFR2,,1,1,1.0
R1025P,R1025P,PS1,PS,0,0,1.0
R1025P,R1025P,YC1,,0,0,1.0
R1026D,R1026D,FR1,,0,0,1.0
R1026D,R1026D,FR2,,0,0,1.0
R1026D,R1026D,FR2,,1,1,1.0
R1026D,R1026D,YC1,,0,0,1.0
R1026D,R1026D,YC2,,0,0,1.0
R1026D,R1026D,YC2,,1,1,1.0
R1026D,R1026D,catFR1,,0,0,1.0
R1026D,R1026D,catFR2,,0,0,1.0
R1026D,R1026D,catFR2,,1,1,1.0
R1026D,R1026D,catFR2,,2,2,1.0
R1027J,R1027J,FR2,,0,0,1.0
R1027J,R1027J,FR2,,1,1,1.0
R1027J,R1027J,FR2,,2,2,1.0
R1027J,R1027J,YC2,,0,0,1.0
R1027J,R1027J,YC2,,1,1,1.0
R1027J,R1027J,YC2,,2,2,1.0
R1027J,R1027J,YC2,,3,3,1.0
R1028M,R1028M,FR2,,0,0,1.0
R1028M,R1028M,FR2,,1,1,1.0
R1028M,R1028M,FR2,,2,2,1.0
R1028M,R1028M,PAL1,,0,0,1.0
R1028M,R1028M,PAL1,,1,1,1.0
R1028M,R1028M,PAL2,,0,0,1.0
R1028M,R1028M,catFR1,,0,0,1.0
R1028M,R1028M,catFR1,,1,1,1.0
R1028M,R1028M,catFR2,,0,0,1.0
R1029W,R1029W,catFR2,,0,0,1.0
R1029W,R1029W,catFR2,,1,1,1.0
R1030J,R1030J,FR1,,0,0,1.0
R1030J,R1030J,FR2,,0,0,1.0
R1030J,R1030J,FR2,,1,1,1.0
R1030J,R1030J,FR2,,2,2,1.0
R1030J,R1030J,FR2,,3,3,1.0
R1030J,R1030J,FR2,,4,4,1.0
R1030J,R1030J,FR2,,5,5,1.0
R1030J,R1030J,FR2,,6,6,1.0
R1030J,R1030J,PS1,PS,0,1,1.0
R1030J,R1030J,YC1,,0,0,1.0
R1030J,R1030J,YC2,,0,0,1.0
R1030J,R1030J,YC2,,1,1,1.0
R1030J,R1030J,YC2,,2,2,1.0
R1030J,R1030J,YC2,,3,3,1.0
R1031M,R1031M,FR1,,0,0,1.0
R1031M,R1031M,FR2,,0,0,1.0
R1031M,R1031M,PAL1,,0,0,1.0
R1031M,R1031M,PAL2,,0,0,1.0
R1031M,R1031M,PAL2,,1,1,1.0
R1031M,R1031M,catFR1,,0,0,1.0
R1031M,R1031M,catFR2,,0,0,1.0
R1032D,R1032D,FR1,,0,0,1.0
R1032D,R1032D,YC1,,0,0,1.0
R1032D,R1032D,YC2,,0,0,1.0
R1032D,R1032D,YC2,,1,1,1.0
R1032D,R1032D,catFR1,,0,0,1.0
R1032D,R1032D,catFR1,,1,1,1.0
R1033D,R1033D,FR2,,0,0,1.0
R1033D,R1033D,FR2,,1,1,1.0
R1033D,R1033D,FR2,,2,2,1.0
R1033D,R1033D,YC1,,0,0,1.0
R1033D,R1033D,YC2,,0,0,1.0
R1033D,R1033D,YC2,,1,1,1.0
R1034D,R1034D,PS1,PS,0,2,1.0
R1034D,R1034D,PS1,PS,1,5,1.0
R1034D,R1034D,PS1,PS,2,8,1.0
R1034D,R1034D,PS3,PS,0,3,1.0
R1034D,R1034D,PS3,PS,1,9,1.0
R1034D,R1034D,PS3,PS,2,12,1.0
R1034D,R1034D,YC1,,0,0,1.0
R1034D,R1034D,YC1,,1,1,1.0
R1035M,R1035M,FR2,,0,0,1.0
R1035M,R1035M,PAL1,,0,0,1.0
R1035M,R1035M,catFR1,,0,0,1.0
R1036M,R1036M,FR1,,0,0,1.0
R1036M,R1036M,FR2,,0,0,1.0
R1036M,R1036M,PAL1,,0,0,1.0
R1036M,R1036M,PAL2,,0,0,1.0
R1036M,R1036M,catFR1,,0,0,1.0
R1036M,R1036M,catFR2,,0,0,1.0
R1036M,R1036M,catFR2,,1,1,1.0
R1036M,R1036M,catFR2,,2,2,1.0
R1037D,R1037D,YC1,,0,0,1.0
R1037D,R1037D,YC1,,1,1,1.0
R1037D,R1037D,YC1,,2,2,1.0
R1037D,R1037D,YC2,,0,0,1.0
R1037D,R1037D,YC2,,1,1,1.0
R1037D,R1037D,YC2,,2,2,1.0
R1037D,R1037D,YC2,,3,4,1.0
R1037D,R1037D,YC2,,4,5,1.0
R1039M,R1039M,FR1,,0,0,1.0
R1039M,R1039M,catFR1,,0,0,1.0
R1039M,R1039M,catFR2,,0,0,1.0
R1041M,R1041M,YC1,,0,0,1.0
R1041M,R1041M,YC1,,1,1,1.0
R1041M,R1041M,YC1,,2,2,1.0
R1041M,R1041M,catFR1,,0,0,1.0
R1041M,R1041M,catFR2,,0,0,1.0
R1042M,R1042M,FR1,,0,0,1.0
R1042M,R1042M,FR2,,0,0,1.0
R1042M,R1042M,PAL1,,0,0,1.0
R1042M,R1042M,YC1,,0,0,1.0
R1042M,R1042M,YC2,,0,0,1.0
R1042M,R1042M,catFR1,,0,0,1.0
R1042M,R1042M,catFR2,,0,0,1.0
R1044J,R1044J,FR1,,0,0,1.0
R1044J,R1044J,PS1,PS,0,1,1.0
R1044J,R1044J,PS1,PS,1,3,1.0
R1044J,R1044J,YC1,,0,0,1.0
R1044J,R1044J,catFR1,CatFR1,0,,1.0
R1045E,R1045E,FR1,,0,0,1.0
R1045E,R1045E,PS1,PS,0,2,1.0
R1045E,R1045E,YC1,,0,0,1.0
R1045E,R1045E,YC1,,1,1,1.0
R1045E,R1045E,catFR1,,0,0,1.0
R1045E,R1045E,catFR1,,1,1,1.0
R1047D,R1047D,YC1,,0,0,1.0
R1047D,R1047D,YC1,,1,1,1.0
R1047D,R1047D,YC2,,0,1,1.0
R1048E,R1048E,FR1,,0,0,1.0
R1048E,R1048E_1,FR2,,0,0,1.0
R1048E,R1048E,YC1,,0,0,1.0
R1049J,R1049J,YC1,,0,0,1.0
R1049J,R1049J,YC1,,1,1,1.0
R1050M,R1050M,FR1,,0,0,1.0
R1050M,R1050M,FR2,,0,0,1.0
R1050M,R1050M,PAL1,,0,0,1.0
R1050M,R1050M,PAL2,,0,0,1.0
R1050M,R1050M,PS1,PS,0,2,1.0
R1050M,R1050M,PS2,PS,0,3,1.0
R1050M,R1050M,PS3,PS,0,4,1.0
R1050M,R1050M,YC1,,0,0,1.0
R1050M,R1050M,YC2,,0,0,1.0
R1050M,R1050M,catFR1,,0,0,1.0
R1050M,R1050M,catFR2,,0,0,1.0
R1051J,R1051J,FR1,,0,0,1.0
R1051J,R1051J,FR1,,1,1,1.0
R1051J,R1051J,FR1,,2,2,1.0
R1051J,R1051J,PS1,PS,0,1,1.0
R1051J,R1051J,PS1,PS,1,4,1.0
R1051J,R1051J,PS2,PS,0,5,1.0
R1051J,R1051J,PS3,PS,0,2,1.0
R1051J,R1051J,PS3,PS,1,6,1.0
R1051J,R1051J,YC1,,0,0,1.0
R1051J,R1051J,YC1,,1,1,1.0
R1052E,R1052E_1,FR1,,0,0,1.0
R1052E,R1052E_1,FR1,,1,1,1.0
R1052E,R1052E_1,FR2,,0,0,1.0
R1052E,R1052E_1,PS1,PS,0,2,1.0
R1052E,R1052E,YC1,,0,0,1.0
R1052E,R1052E_1,YC1,,1,0,1.0
R1052E,R1052E_1,YC1,,2,1,1.0
R1052E,R1052E_2,YC1,,3,0,1.0
R1052E,R1052E_2,YC1,,4,1,1.0
R1053M,R1053M,FR1,,0,0,1.0
R1053M,R1053M,FR2,,0,0,1.0
R1054J,R1054J,FR1,,0,0,1.0
R1054J,R1054J,FR1,,1,1,1.0
R1054J,R1054J,PS1,PS,0,0,1.0
R1054J,R1054J,PS1,PS,1,1,1.0
R1054J,R1054J,PS3,PS,0,2,1.0
R1054J,R1054J,PS3,PS,1,3,1.0
R1054J,R1054J,YC1,,0,0,1.0
R1056M,R1056M,FR2,,0,0,1.0
R1056M,R1056M,PAL1,,0,0,1.0
R1056M,R1056M,PS1,PS,0,0,1.0
R1056M,R1056M,PS1,PS,1,4,1.0
R1056M,R1056M,PS1,PS,2,8,1.0
R1056M,R1056M,PS1,PS,3,12,1.0
R1056M,R1056M,PS1,PS,4,15,1.0
R1056M,R1056M,PS2,PS,0,1,1.0
R1056M,R1056M,PS2,PS,1,5,1.0
R1056M,R1056M,PS2,PS,2,9,1.0
R1056M,R1056M,PS2,PS,3,13,1.0
R1056M,R1056M,PS2,PS,4,16,1.0
R1056M,R1056M,PS3,PS,0,2,1.0
R1056M,R1056M,PS3,PS,1,6,1.0
R1056M,R1056M,PS3,PS,2,10,1.0
R1056M,R1056M,PS3,PS,3,14,1.0
R1056M,R1056M,PS3,PS,4,17,1.0
R1056M,R1056M,YC1,,0,0,1.0
R1056M,R1056M,YC2,,0,0,1.0
R1056M,R1056M,catFR1,,0,0,1.0
R1059J,R1059J,FR1,,0,0,1.0
R1059J,R1059J,FR1,,1,1,1.0
R1059J,R1059J_1,PS1,PS,0,1,1.0
R1059J,R1059J_1,PS1,PS,1,10,1.0
R1059J,R1059J_1,PS1,PS,2,14,1.0
R1059J,R1059J_2,PS1,PS,3,6,1.0
R1059J,R1059J_1,PS2,PS,0,3,1.0
R1059J,R1059J_1,PS2,PS,1,12,1.0
R1059J,R1059J_1,PS2,PS,2,16,1.0
R1059J,R1059J_2,PS2,PS,3,8,1.0
R1059J,R1059J_1,PS3,PS,0,2,1.0
R1059J,R1059J_1,PS3,PS,1,11,1.0
R1059J,R1059J_1,PS3,PS,2,15,1.0
R1059J,R1059J_2,PS3,PS,3,7,1.0
R1059J,R1059J_1,YC1,,0,0,1.0
R1060M,R1060M,FR1,,0,0,1.0
R1060M,R1060M,FR1,,1,1,1.0
R1060M,R1060M,FR1,,2,2,1.0
R1060M,R1060M,FR1,,3,3,1.0
R1060M,R1060M,FR2,,0,0,1.0
R1060M,R1060M,FR2,,1,1,1.0
R1060M,R1060M,PAL1,,0,0,1.0
R1060M,R1060M,PAL2,,0,0,1.0
R1060M,R1060M,PAL2,,1,2,1.0
R1060M,R1060M,PS1,PS,0,1,1.0
R1060M,R1060M,PS2,PS,0,5,1.0
R1060M,R1060M,PS3,PS,0,3,1.0
R1060M,R1060M,YC1,,0,0,1.0
R1060M,R1060M,YC1,,1,2,1.0
R1060M,R1060M,YC2,,0,0,1.0
R1060M,R1060M,catFR1,,0,0,1.0
R1060M,R1060M,catFR2,,0,0,1.0
R1061T,R1061T,FR1,,0,0,1.0
R1061T,R1061T,FR1,,1,1,1.0
R1061T,R1061T,FR1,,2,2,1.0
R1061T,R1061T,FR1,,3,3,1.0
R1061T,R1061T,PS1,PS,0,1,1.0
R1061T,R1061T,PS1,PS,1,3,1.0
R1061T,R1061T,YC1,,0,0,1.0
R1061T,R1061T,YC2,,0,0,1.0
R1061T,R1061T,catFR1,,0,0,1.0
R1062J,R1062J,FR1,,0,0,1.0
R1062J,R1062J,FR1,,1,1,1.0
R1062J,R1062J,FR1,,2,2,1.0
R1062J,R1062J,FR1,,3,3,1.0
R1062J,R1062J,PS1,PS,0,2,1.0
R1062J,R1062J,PS3,PS,0,3,1.0
R1062J,R1062J,YC1,,0,1,1.0
R1062J,R1062J,YC1,,1,3,1.0
R1063C,R1063C_1,PAL1,,0,0,1.0
R1063C,R1063C_1,YC1,,0,0,1.0
R1063C,R1063C_1,YC1,,1,1,1.0
R1064E,R1064E,PS1,PS,0,1,1.0
R1064E,R1064E_1,PS1,PS,1,1,1.0
R1064E,R1064E,PS2,PS,0,2,1.0
R1064E,R1064E_1,PS2,PS,1,2,1.0
R1064E,R1064E,PS3,PS,0,3,1.0
R1064E,R1064E_1,PS3,PS,1,3,1.0
R1064E,R1064E,YC1,,0,0,1.0
R1064E,R1064E,YC1,,1,1,1.0
R1064E,R1064E_1,YC1,,2,0,1.0
R1065J,R1065J,FR1,,0,0,1.0
R1065J,R1065J,FR1,,1,1,1.0
R1065J,R1065J,FR1,,2,2,1.0
R1065J,R1065J,FR1,,3,3,1.0
R1065J,R1065J,FR1,,4,4,1.0
R1065J,R1065J,FR1,,5,5,1.0
R1065J,R1065J,PAL1,,0,0,1.0
R1065J,R1065J,PAL1,,1,1,1.0
R1065J,R1065J,PAL1,,2,2,1.0
R1065J,R1065J,PS1,PS,0,1,1.0
R1065J,R1065J,YC1,,0,0,1.0
R1065J,R1065J,YC1,,1,1,1.0
R1065J,R1065J,YC1,,2,2,1.0
R1065J,R1065J,YC1,,3,3,1.0
R1065J,R1065J,YC1,,4,4,1.0
R1065J,R1065J,YC1,,5,5,1.0
R1065J,R1065J,YC2,,0,0,1.0
R1065J,R1065J,catFR1,,0,0,1.0
R1065J,R1065J,catFR1,,1,1,1.0
R1065J,R1065J,catFR1,,2,2,1.0
R1065J,R1065J,catFR1,,3,3,1.0
R1066P,R1066P,PAL1,,0,0,1.0
R1066P,R1066P,PS1,PS,0,1,1.0
R1066P,R1066P,PS3,PS,0,2,1.0
R1066P,R1066P,YC1,,0,0,1.0
R1066P,R1066P,YC1,,1,1,1.0
R1066P,R1066P,YC1,,2,2,1.0
R1066P,R1066P_1,YC1,,3,0,1.0
R1067P,R1067P,FR1,,0,0,1.0
R1067P,R1067P,FR1,,1,2,1.0
R1067P,R1067P,FR1,,2,3,1.0
R1067P,R1067P,PS1,PS,0,1,1.0
R1067P,R1067P,PS1,PS,1,4,1.0
R1067P,R1067P,PS3,PS,0,2,1.0
R1067P,R1067P,PS3,PS,1,5,1.0
R1067P,R1067P,YC1,,0,0,1.0
R1067P,R1067P,catFR1,,0,0,1.0
R1067P,R1067P,catFR1,,1,1,1.0
R1067P,R1067P,catFR2,,0,0,1.0
R1068J,R1068J,PS1,PS,0,4,1.0
R1068J,R1068J,PS2,PS,0,5,1.0
R1068J,R1068J,PS2,PS,1,7,1.0
R1068J,R1068J,YC1,,0,0,1.0
R1068J,R1068J,YC1,,1,1,1.0
R1069M,R1069M,FR2,,0,0,1.0
R1069M,R1069M,PAL1,,0,0,1.0
R1069M,R1069M,PS1,PS,0,1,1.0
R1069M,R1069M,PS2,PS,0,2,1.0
R1069M,R1069M,PS3,PS,0,3,1.0
R1069M,R1069M,YC1,,0,0,1.0
R1069M,R1069M,YC2,,0,0,1.0
R1069M,R1069M,catFR2,,0,0,1.0
R1070T,R1070T,FR1,,0,0,1.0
R1070T,R1070T,FR1,,2,2,1.0
R1070T,R1070T,FR2,,0,0,1.0
R1070T,R1070T,PS1,PS,0,1,1.0
R1070T,R1070T,PS1,PS,1,2,1.0
R1073J,R1073J,PS1,PS,0,2,1.0
R1073J,R1073J,PS1,PS,1,5,1.0
R1073J,R1073J,PS3,PS,0,3,1.0
R1073J,R1073J,PS3,PS,1,6,1.0
R1073J,R1073J,YC1,,0,0,1.0
R1074M,R1074M,FR1,,0,0,1.0
R1074M,R1074M,FR2,,0,0,1.0
R1074M,R1074M,PAL1,,0,0,1.0
R1074M,R1074M,PAL2,,0,0,1.0
R1074M,R1074M,PS1,PS,0,1,1.0
R1074M,R1074M,PS1,PS,1,5,1.0
R1074M,R1074M,PS1,PS,2,10,1.0
R1074M,R1074M,PS2,PS,0,2,1.0
R1074M,R1074M,PS2,PS,1,7,1.0
R1074M,R1074M,PS2,PS,2,11,1.0
R1074M,R1074M,PS3,PS,0,3,1.0
R1074M,R1074M,PS3,PS,1,8,1.0
R1074M,R1074M,PS3,PS,2,12,1.0
R1074M,R1074M,YC1,,0,0,1.0
R1074M,R1074M,YC2,,0,0,1.0
R1074M,R1074M,catFR1,,0,0,1.0
R1074M,R1074M,catFR2,,0,0,1.0
R1075J,R1075J,YC1,,0,0,1.0
R1075J,R1075J,YC1,,1,1,1.0
R1076D,R1076D,TH1,,0,0,2.0
R1076D,R1076D,TH1,,1,1,2.0
R1077T,R1077T,FR1,,0,0,1.0
R1077T,R1077T,FR1,,1,1,1.0
R1077T,R1077T,FR1,,2,2,1.0
R1077T,R1077T,FR1,,3,3,1.0
R1077T,R1077T,FR2,,0,0,1.0
R1077T,R1077T,PS1,PS,0,1,1.0
R1077T,R1077T,PS1,PS,1,2,1.0
R1077T,R1077T,PS2,PS,0,3,1.0
R1077T,R1077T,PS3,PS,0,4,1.0
R1077T,R1077T,YC1,,0,0,1.0
R1077T,R1077T,YC1,,1,1,1.0
R1078N,R1078N,PAL1,,0,0,1.0
R1079E,R1079E,YC1,,0,0,1.0
R1080E,R1080E,FR1,,0,0,1.0
R1080E,R1080E,FR1,,1,1,1.0
R1081J,R1081J,FR1,,0,0,1.0
R1081J,R1081J,FR1,,1,1,1.0
R1081J,R1081J,PS1,PS,0,1,1.0
R1081J,R1081J,PS3,PS,0,2,1.0
R1082N,R1082N,PAL1,,0,0,1.0
R1082N,R1082N,PAL1,,1,1,1.0
R1082N,R1082N,PAL2,,0,0,1.0
R1083J,R1083J,FR1,,0,0,1.0
R1083J,R1083J,FR1,,1,1,1.0
R1083J,R1083J,FR1,,2,2,1.0
R1083J,R1083J,FR1,,3,3,1.0
R1083J,R1083J,FR1,,4,4,1.0
R1083J,R1083J,YC1,,0,0,1.0
R1083J,R1083J,catFR1,,0,0,1.0
R1084T,R1084T,PS1,PS,0,4,1.0
R1084T,R1084T,PS2,PS,0,1,1.0
R1085C,R1085C,FR2,,0,0,1.0
R1086M,R1086M,FR1,,0,0,1.0
R1086M,R1086M,PAL1,,0,0,1.0
R1086M,R1086M,PS1,PS,0,1,1.0
R1086M,R1086M,PS1,PS,1,5,1.0
R1086M,R1086M,PS2,PS,0,2,1.0
R1086M,R1086M,PS3,PS,0,3,1.0
R1086M,R1086M,YC1,,0,0,1.0
R1086M,R1086M,catFR1,,0,0,1.0
R1087N,R1087N,PAL1,,0,0,1.0
R1087N,R1087N,PAL1,,1,1,1.0
R1087N,R1087N,PS1,PS,0,2,1.0
R1089P,R1089P,FR1,,0,0,1.0
R1089P,R1089P,PAL1,,0,0,1.0
R1089P,R1089P,PS2,PS,0,1,1.0
R1089P,R1089P,PS2,PS,1,2,1.0
R1089P,R1089P,YC1,,0,0,1.0
R1089P,R1089P,catFR1,,0,0,1.0
R1090C,R1090C,PAL1,,0,0,1.0
R1091N,R1091N,PAL1,,0,0,1.0
R1091N,R1091N,PAL1,,1,1,1.0
R1091N,R1091N,PAL1,,2,2,1.0
R1091N,R1091N,PAL1,,3,3,1.0
R1091N,R1091N,PAL2,,1,1,1.0
R1092J,R1092J_1,catFR2,,0,0,1.0
R1093J,R1093J_1,FR1,,0,0,2.0
R1093J,R1093J_1,FR1,,1,1,2.0
R1093J,R1093J_1,FR1,,2,9,2.0
R1093J,R1093J_1,PS2,PS,0,1,1.0
R1093J,R1093J_1,PS2,PS,1,2,1.0
R1093J,R1093J,catFR1,,0,0,1.0
R1094T,R1094T,FR1,,1,1,1.0
R1094T,R1094T,FR1,,2,2,1.0
R1094T,R1094T,PS1,PS,0,1,1.0
R1094T,R1094T,PS1,PS,1,2,1.0
R1094T,R1094T,PS2,PS,0,3,1.0
R1094T,R1094T,PS2,PS,1,6,1.0
R1094T,R1094T,catFR1,,0,0,1.0
R1095N,R1095N,PAL1,,0,0,1.0
R1095N,R1095N,PAL1,,1,1,1.0
R1095N,R1095N,PAL1,,2,2,1.0
R1095N,R1095N,PAL2,,0,0,1.0
R1096E,R1096E,FR1,,0,0,1.0
R1096E,R1096E,FR1,,1,1,1.0
R1096E,R1096E,PS2,PS,0,2,1.0
R1096E,R1096E,PS2,PS,1,4,1.0
R1096E,R1096E,PS2,PS,2,6,1.0
R1096E,R1096E,YC1,,0,0,1.0
R1097N,R1097N,PAL1,,0,0,1.0
R1097N,R1097N,PAL1,,1,1,1.0
R1098D,R1098D,FR1,,0,0,1.0
R1098D,R1098D,FR1,,1,2,1.0
R1098D,R1098D,FR1,,2,3,1.0
R1100D,R1100D,FR1,,0,1,1.0
R1100D,R1100D,PAL1,,0,1,1.0
R1100D,R1100D,PAL1,,1,2,1.0
R1100D,R1100D,PS2,PS,0,1,1.0
R1100D,R1100D,PS2,PS,1,2,1.0
R1100D,R1100D,PS2,PS,2,3,1.0
R1101T,R1101T,FR1,,0,0,1.0
R1101T,R1101T,FR2,,0,0,1.0
R1101T,R1101T,PS2,PS,0,0,1.0
R1101T,R1101T,PS2,PS,1,1,1.0
R1101T,R1101T,PS2,PS,2,2,1.0
R1101T,R1101T,PS2,PS,3,3,1.0
R1101T,R1101T,YC1,,0,0,1.0
R1104D,R1104D,PS2,PS,0,1,1.0
R1104D,R1104D,PS2,PS,1,3,1.0
R1104D,R1104D,PS2,PS,2,5,1.0
R1104D,R1104D,PS2,PS,3,7,1.0
R1105E,R1105E,PS2,PS,0,1,1.0
R1105E,R1105E,PS2,PS,1,3,1.0
R1105E,R1105E,PS2,PS,2,6,1.0
R1106M,R1106M,FR1,,0,0,1.0
R1106M,R1106M,FR1,,1,1,1.0
R1106M,R1106M,PAL1,,0,0,1.0
R1106M,R1106M,YC1,,0,1,1.0
R1106M,R1106M,catFR1,,0,0,1.0
R1107J,R1107J,catFR1,,0,0,1.0
R1107J,R1107J,catFR1,,1,1,1.0
R1108J,R1108J_1,FR1,,0,0,2.0
R1108J,R1108J_1,FR1,,1,1,2.0
R1108J,R1108J_1,FR1,,2,2,2.0
R1108J,R1108J_1,FR1,,3,3,2.0
R1108J,R1108J,PS2,PS,0,2,1.0
R1108J,R1108J,PS2,PS,1,3,1.0
R1108J,R1108J,PS2,PS,2,5,1.0
R1108J,R1108J,PS2,PS,3,7,1.0
R1108J,R1108J_1,PS2,PS,4,2,1.0
R1108J,R1108J_1,PS2,PS,5,3,1.0
R1108J,R1108J_1,PS2,PS,6,5,1.0
R1108J,R1108J_1,PS2,PS,7,7,1.0
R1108J,R1108J_1,PS2,PS,8,10,1.0
R1108J,R1108J_1,PS2,PS,9,11,1.0
R1108J,R1108J,catFR1,,0,0,1.0
R1108J,R1108J,catFR1,,1,1,1.0
R1108J,R1108J,catFR1,,2,2,1.0
R1108J,R1108J,catFR1,,3,3,1.0
R1109N,R1109N,PAL1,,0,0,1.0
R1109N,R1109N,PAL1,,1,1,1.0
R1111M,R1111M,FR1,,0,0,1.0
R1111M,R1111M,FR1,,1,1,1.0
R1111M,R1111M,FR1,,2,2,1.0
R1111M,R1111M,FR1,,3,3,1.0
R1111M,R1111M,FR2,,0,0,1.0
R1111M,R1111M,FR2,,1,1,1.0
R1111M,R1111M,FR2,,2,2,1.0
R1111M,R1111M,FR2,,3,3,1.0
R1111M,R1111M,FR2,,4,4,1.0
R1111M,R1111M,FR2,,5,5,1.0
R1111M,R1111M,PAL1,,0,0,1.0
R1111M,R1111M,PAL1,,1,1,1.0
R1111M,R1111M,PAL2,,0,0,1.0
R1111M,R1111M,PAL2,,1,1,1.0
R1111M,R1111M,PS2,PS,0,3,1.0
R1111M,R1111M,PS2,PS,1,4,1.0
R1111M,R1111M,PS2,PS,2,5,1.0
R1111M,R1111M,PS2,PS,3,8,1.0
R1111M,R1111M,PS2,PS,4,10,1.0
R1111M,R1111M,PS2,PS,5,12,1.0
R1111M,R1111M,catFR1,,0,0,1.0
R1111M,R1111M,catFR1,,1,1,1.0
R1112M,R1112M,FR2,,0,0,1.0
R1112M,R1112M,PAL1,,0,0,1.0
R1112M,R1112M,PAL1,,1,1,1.0
R1112M,R1112M,PAL2,,0,0,1.0
R1112M,R1112M,PS2,PS,0,1,1.0
R1112M,R1112M,PS2,PS,1,6,1.0
R1112M,R1112M,PS2,PS,2,7,1.0
R1112M,R1112M,PS2,PS,3,8,1.0
R1112M,R1112M,PS2,PS,4,9,1.0
R1112M,R1112M,PS2,PS,5,17,1.0
R1112M,R1112M,PS3,PS,0,10,1.0
R1112M,R1112M,PS3,PS,1,11,1.0
R1112M,R1112M,PS3,PS,2,12,1.0
R1112M,R1112M,PS3,PS,3,13,1.0
R1112M,R1112M,PS3,PS,4,15,1.0
R1112M,R1112M,PS3,PS,5,18,1.0
R1112M,R1112M,YC1,,0,0,1.0
R1113T,R1113T,FR1,,0,0,1.0
R1113T,R1113T,FR1,,1,1,1.0
R1113T,R1113T,FR1,,2,2,1.0
R1113T,R1113T,PS2,PS,0,1,1.0
R1113T,R1113T,PS2,PS,1,3,1.0
R1113T,R1113T,PS2,PS,2,4,1.0
R1113T,R1113T,PS2,PS,3,7,1.0
R1113T,R1113T,PS2,PS,4,9,1.0
R1113T,R1113T,PS2,PS,5,11,1.0
R1113T,R1113T,PS2,PS,6,15,1.0
R1113T,R1113T,PS2,PS,7,17,1.0
R1114C,R1114C,FR1,,0,0,1.0
R1114C,R1114C,PS2,PS,0,0,1.0
R1114C,R1114C,PS2,PS,1,1,1.0
R1114C,R1114C,YC1,,0,0,1.0
R1114C,R1114C,catFR1,,0,0,1.0
R1115T,R1115T,FR1,,0,1,1.0
R1115T,R1115T,FR2,,0,0,1.0
R1115T,R1115T,PS2,PS,0,1,1.0
R1115T,R1115T,PS2,PS,1,4,1.0
R1115T,R1115T,PS2,PS,2,6,1.0
R1117J,R1117J,PS2,PS,0,1,1.0
R1118N,R1118N_1,FR1,,0,0,1.0
R1118N,R1118N_1,FR1,,1,1,1.0
R1118N,R1118N,PAL1,,0,0,1.0
R1118N,R1118N,PAL1,,1,1,1.0
R1118N,R1118N,PAL1,,2,2,1.0
R1118N,R1118N_1,PAL1,,3,0,1.0
R1118N,R1118N_1,PAL2,,0,0,1.0
R1118N,R1118N_1,PS2,PS,0,2,1.0
R1119P,R1119P,catFR1,,0,0,2.0
R1120E,R1120E,FR1,,0,0,1.0
R1120E,R1120E,FR1,,1,1,1.0
R1120E,R1120E,PS2,PS,0,0,1.0
R1121M,R1121M,FR1,,0,,1.0
R1121M,R1121M,FR1,,1,,1.0
R1121M,R1121M,FR1,,2,,1.0
R1121M,R1121M,FR1,,3,3,1.0
R1121M,R1121M,FR1,,4,4,1.0
R1121M,R1121M,FR1,,5,5,1.0
R1121M,R1121M,FR1,,6,6,1.0
R1121M,R1121M,FR1,,7,7,1.0
R1121M,R1121M,PAL1,,0,0,1.0
R1121M,R1121M,PAL1,,1,1,1.0
R1121M,R1121M,PAL1,,2,2,1.0
R1121M,R1121M,PAL1,,3,3,1.0
R1121M,R1121M,PAL2,,0,0,1.0
R1121M,R1121M,PS2,PS,0,1,1.0
R1121M,R1121M,PS2,PS,1,3,1.0
R1121M,R1121M,PS2,PS,10,21,1.0
R1121M,R1121M,PS2,PS,2,5,1.0
R1121M,R1121M,PS2,PS,3,13,1.0
R1121M,R1121M,PS2,PS,4,14,1.0
R1121M,R1121M,PS2,PS,5,15,1.0
R1121M,R1121M,PS2,PS,6,16,1.0
R1121M,R1121M,PS2,PS,7,17,1.0
R1121M,R1121M,PS2,PS,8,18,1.0
R1121M,R1121M,PS2,PS,9,20,1.0
R1122E,R1122E,FR1,,0,0,1.0
R1122E,R1122E,FR1,,1,1,1.0
R1122E,R1122E,FR1,,2,2,1.0
R1122E,R1122E,PS2,PS,0,1,1.0
R1122E,R1122E,PS2,PS,1,3,1.0
R1123C,R1123C,FR1,,0,0,1.0
R1123C,R1123C,FR1,,1,1,1.0
R1123C,R1123C,FR1,,2,2,1.0
R1124J,R1124J_1,FR1,,0,0,2.0
R1124J,R1124J_1,FR1,,1,1,2.0
R1124J,R1124J_1,FR1,,2,2,2.0
R1124J,R1124J_1,FR3,,0,0,2.0
R1124J,R1124J_1,FR3,,1,1,2.0
R1124J,R1124J_1,PS2,PS,0,1,1.0
R1124J,R1124J_1,PS2,PS,1,2,1.0
R1124J,R1124J_1,PS2,PS,2,5,1.0
R1124J,R1124J_1,PS2,PS,3,6,1.0
R1124J,R1124J,TH1,,0,0,1.0
R1124J,R1124J,YC1,,0,0,1.0
R1125T,R1125T,FR1,,0,0,1.0
R1125T,R1125T,FR1,,1,1,1.0
R1125T,R1125T,FR1,,2,2,1.0
R1125T,R1125T,PS2,PS,0,2,1.0
R1125T,R1125T,PS2,PS,1,3,1.0
R1125T,R1125T,PS2,PS,2,5,1.0
R1125T,R1125T,PS2,PS,3,6,1.0
R1125T,R1125T,PS2,PS,4,8,1.0
R1125T,R1125T,PS2,PS,5,9,1.0
R1127P,R1127P_1,FR1,,1,0,1.0
R1127P,R1127P_2,catFR1,,0,0,2.0
R1129D,R1129D,FR1,,0,0,1.0
R1129D,R1129D,FR1,,1,2,1.0
R1129D,R1129D,PS2,PS,0,0,1.0
R1129D,R1129D,PS2,PS,1,1,1.0
R1129D,R1129D,PS2,PS,2,2,1.0
R1129D,R1129D,PS2,PS,3,3,1.0
R1129D,R1129D,PS2,PS,4,4,1.0
R1129D,R1129D,PS2,PS,5,5,1.0
R1129D,R1129D,PS2,PS,6,6,1.0
R1130M,R1130M,PAL1,,0,0,1.0
R1130M,R1130M,PAL2,,0,0,1.0
R1130M,R1130M,PS2,PS,0,1,1.0
R1130M,R1130M,PS2,PS,1,3,1.0
R1131M,R1131M,FR1,,0,0,1.0
R1131M,R1131M,PAL1,,0,0,1.0
R1131M,R1131M,PS2,PS,0,1,1.0
R1131M,R1131M,PS2,PS,1,3,1.0
R1131M,R1131M,PS2,PS,2,5,1.0
R1131M,R1131M,PS2,PS,3,7,1.0
R1131M,R1131M,catFR1,,0,0,1.0
R1132C,R1132C,TH1,,0,0,1.0
R1133C,R1133C,TH1,,0,0,1.0
R1134T,R1134T,FR1,,0,0,1.0
R1134T,R1134T,FR1,,1,1,1.0
R1134T,R1134T,FR1,,2,2,1.0
R1134T,R1134T,PS2,PS,0,1,1.0
R1134T,R1134T,PS2,PS,1,3,1.0
R1135E,R1135E,PS2,PS,3,7,1.0
R1136N,R1136N,FR1,,0,0,1.0
R1136N,R1136N,FR1,,1,1,1.0
R1136N,R1136N,PAL1,,0,0,1.0
R1136N,R1136N,PAL1,,1,1,1.0
R1136N,R1136N,PAL2,,0,1,1.0
R1136N,R1136N,PS1,PS,0,0,1.0
R1136N,R1136N,PS2,PS,0,1,1.0
R1136N,R1136N,PS3,PS,0,2,1.0
R1137E,R1137E,FR1,,0,0,1.0
R1137E,R1137E,FR1,,1,1,1.0
R1137E,R1137E,FR1,,2,2,1.0
R1138T,R1138T_1,PS2,PS,0,1,1.0
R1138T,R1138T_1,PS2,PS,1,2,1.0
R1138T,R1138T_1,PS2,PS,2,4,1.0
R1138T,R1138T_1,PS2,PS,3,5,1.0
R1138T,R1138T_1,catFR1,,0,0,1.0
R1138T,R1138T_1,catFR1,,1,1,1.0
R1141T,R1141T,PAL1,,0,0,1.0
R1141T,R1141T,PS3,PS,0,1,1.0
R1141T,R1141T,catFR1,,0,0,1.0
R1141T,R1141T,catFR1,,1,1,1.0
R1141T,R1141T,catFR1,,2,2,1.0
R1142N,R1142N,PAL1,,0,1,1.0
R1142N,R1142N,PS1,PS,0,3,1.0
R1142N,R1142N,PS2,PS,0,1,1.0
R1142N,R1142N,PS3,PS,0,4,1.0
R1144E,R1144E,PS2,PS,0,1,1.0
R1144E,R1144E,PS2,PS,1,3,1.0
R1144E,R1144E,PS2,PS,2,5,1.0
R1144E,R1144E,PS2,PS,3,7,1.0
R1144E,R1144E,PS2,PS,4,9,1.0
R1144E,R1144E,catFR1,,0,0,1.0
R1144E,R1144E,catFR1,,1,1,1.0
R1144E,R1144E,catFR1,,2,2,1.0
R1145J,R1145J_1,PS2,PS,0,0,2.0
R1145J,R1145J_1,PS2,PS,1,1,2.0
R1145J,R1145J_1,PS2,PS,2,2,2.0
R1145J,R1145J,TH1,,0,0,1.0
R1146E,R1146E,FR1,,0,0,2.0
R1146E,R1146E,FR1,,1,1,2.0
R1146E,R1146E,FR1,,2,2,2.0
R1147P,R1147P,TH1,,0,0,2.0
R1149N,R1149N,FR1,,0,0,1.0
R1149N,R1149N,PAL1,,0,0,1.0
R1149N,R1149N,PAL1,,1,1,1.0
R1149N,R1149N,PAL2,,0,0,1.0
R1149N,R1149N,PS1,PS,0,2,1.0
R1149N,R1149N,PS2,PS,0,0,1.0
R1149N,R1149N,PS3,PS,0,1,1.0
R1150J,R1150J,FR1,,0,1,2.0
R1150J,R1150J,FR1,,1,2,2.0
R1150J,R1150J,FR2,,0,0,1.0
R1150J,R1150J,PS2,PS,0,0,2.0
R1150J,R1150J,PS2,PS,1,2,2.0
R1150J,R1150J,PS2,PS,2,3,2.0
R1153T,R1153T,PS2,PS,0,1,1.0
R1153T,R1153T,PS2,PS,1,3,1.0
R1153T,R1153T,PS2,PS,2,5,1.0
R1153T,R1153T,PS2,PS,3,7,1.0
R1154D,R1154D,FR1,,0,0,2.0
R1154D,R1154D,FR1,,1,2,2.0
R1154D,R1154D,FR1,,2,3,2.0
R1154D,R1154D,FR3,,0,0,2.0
R1154D,R1154D,FR3,,1,1,2.0
R1154D,R1154D,FR3,,2,2,2.0
R1154D,R1154D,FR3,,3,3,2.0
R1154D,R1154D,FR3,,4,4,2.0
R1154D,R1154D,PS2.1,PS,0,0,2.0
R1154D,R1154D,PS2.1,PS21,1,,2.0
R1154D,R1154D,PS2.1,PS,2,2,2.0
R1154D,R1154D,PS2.1,PS,3,3,2.0
R1154D,R1154D,PS2.1,PS,4,4,2.0
R1154D,R1154D,TH1,,0,1,2.0
R1154D,R1154D,TH1,,1,2,2.0
R1154D,R1154D,TH1,,2,3,2.0
R1154D,R1154D,TH1,,3,4,2.0
R1155D,R1155D_2,PS2.1,PS21,0,0,2.0
R1155D,R1155D,TH1,,0,0,1.0
R1155D,R1155D,TH1,,1,1,1.0
R1155D,R1155D,TH1,,2,2,1.0
R1155D,R1155D_2,TH1,,4,0,2.0
R1156D,R1156D,TH1,,0,0,2.0
R1157C,R1157C,PS2,PS,0,1,1.0
R1157C,R1157C,TH1,,0,0,1.0
R1157C,R1157C,TH1,,1,1,1.0
R1157C,R1157C,TH1,,2,2,1.0
R1157C,R1157C,catFR1,,0,0,1.0
R1157C,R1157C,catFR1,,1,1,1.0
R1157C,R1157C,catFR1,,2,2,1.0
R1157C,R1157C,catFR2,,0,0,1.0
R1158T,R1158T,FR1,,0,0,2.0
R1158T,R1158T,FR1,,1,1,2.0
R1158T,R1158T,FR1,,2,3,2.0
R1158T,R1158T,PS2.1,PS,0,0,2.0
R1158T,R1158T,PS2.1,PS,1,1,2.0
R1158T,R1158T,PS2.1,PS,2,2,2.0
R1158T,R1158T,catFR1,,0,0,2.0
R1159P,R1159P,FR1,,0,0,2.0
R1160C,R1160C,TH1,,0,0,1.0
R1161E,R1161E,FR1,,0,0,2.0
R1161E,R1161E,FR1,,1,1,2.0
R1161E,R1161E,FR1,,2,2,2.0
R1161E,R1161E,FR3,,0,0,2.0
R1161E,R1161E,FR3,,1,1,2.0
R1161E,R1161E,PS2.1,PS,0,0,2.0
R1161E,R1161E,PS2.1,PS,1,1,2.0
R1162N,R1162N,PAL1,,0,0,1.0
R1162N,R1162N,PAL1,,1,1,1.0
R1162N,R1162N,PAL1,,2,2,1.0
R1162N,R1162N,PAL1,,3,3,1.0
R1162N,R1162N,PAL2,,0,0,1.0
R1162N,R1162N,PS1,PS,0,2,1.0
R1162N,R1162N,PS2,PS,0,1,1.0
R1162N,R1162N,PS3,PS,0,0,1.0
R1163T,R1163T,FR1,,0,0,2.0
R1163T,R1163T,FR1,,1,1,2.0
R1163T,R1163T,FR3,,0,0,2.0
R1163T,R1163T,FR3,,1,1,2.0
R1163T,R1163T,PS2.1,PS,0,0,2.0
R1163T,R1163T,PS2.1,PS,1,1,2.0
R1163T,R1163T,PS2.1,PS,2,2,2.0
R1163T,R1163T,PS2.1,PS,3,3,2.0
R1163T,R1163T,TH1,,0,0,2.0
R1163T,R1163T,TH1,,1,1,2.0
R1163T,R1163T,catFR1,,0,0,2.0
R1164E,R1164E,PS2.1,PS,0,0,2.0
R1166D,R1166D,FR3,,0,0,2.0
R1166D,R1166D,FR3,,1,1,2.0
R1166D,R1166D,PS2.1,PS,0,0,2.0
R1166D,R1166D,PS2.1,PS,1,1,2.0
R1167M,R1167M,FR1,,0,1,2.0
R1167M,R1167M,FR1,,1,2,2.0
R1167M,R1167M,TH1,,0,0,2.0
R1167M,R1167M,TH1,,1,3,2.0
R1167M,R1167M,catFR1,,0,0,2.0
R1168T,R1168T,PS2.1,PS,0,0,2.0
R1168T,R1168T,PS2.1,PS,1,1,2.0
R1168T,R1168T,PS2.1,PS,2,2,2.0
R1168T,R1168T,PS2.1,PS,3,3,2.0
R1168T,R1168T,TH1,,0,1,2.0
R1170J,R1170J_1,FR1,,0,0,2.0
R1170J,R1170J_1,FR1,,1,1,2.0
R1170J,R1170J_1,FR1,,2,2,2.0
R1170J,R1170J_1,FR3,,0,0,2.0
R1170J,R1170J_1,FR3,,1,1,2.0
R1170J,R1170J_1,PS2.1,PS,0,0,2.0
R1170J,R1170J_1,PS2.1,PS,1,1,2.0
R1170J,R1170J_1,PS2.1,PS,2,2,2.0
R1170J,R1170J_1,PS2.1,PS,3,3,2.0
R1170J,R1170J_1,PS2.1,PS,4,4,2.0
R1170J,R1170J,TH1,,0,0,1.0
R1170J,R1170J_2,TH1,,2,2,1.0
R1170J,R1170J_2,TH1,,3,3,1.0
R1170J,R1170J_2,TH1,,4,4,1.0
R1170J,R1170J_1,catFR1,,0,0,2.0
R1170J,R1170J_1,catFR1,,1,1,2.0
R1171M,R1171M,TH1,,0,0,2.0
R1171M,R1171M,TH1,,1,1,2.0
R1171M,R1171M,catFR1,CatFR1,0,,2.0
R1172E,R1172E,FR1,,0,0,2.0
R1172E,R1172E,FR1,,1,1,2.0
R1172E,R1172E,FR1,,2,3,2.0
R1172E,R1172E,TH1,,0,0,2.0
R1173J,R1173J,FR1,,0,0,2.0
R1173J,R1173J,FR1,,1,1,2.0
R1173J,R1173J,PS2.1,PS,0,0,2.0
R1174T,R1174T,FR1,,0,0,2.0
R1174T,R1174T,FR1,,1,1,2.0
R1174T,R1174T,PS2.1,PS,0,0,2.0
R1174T,R1174T,PS2.1,PS,1,1,2.0
R1174T,R1174T,catFR1,,0,0,2.0
R1175N,R1175N,PAL3,,0,0,1.0
R1175N,R1175N,PS2.1,PS21,0,,1.0
R1176M,R1176M,FR1,,0,0,1.0
R1176M,R1176M,FR2,,0,0,1.0
R1176M,R1176M,FR2,,1,1,1.0
R1176M,R1176M,FR2,,2,2,1.0
R1176M,R1176M,FR2,,3,3,1.0
R1176M,R1176M,PS2,PS,0,2,1.0
R1176M,R1176M,PS2,PS,1,3,1.0
R1176M,R1176M,PS2,PS,2,4,1.0
R1176M,R1176M,catFR1,,0,0,1.0
R1177M,R1177M,FR1,,0,0,1.0
R1177M,R1177M,FR1,,1,1,1.0
R1177M,R1177M,FR2,,0,0,1.0
R1177M,R1177M,FR2,,1,1,1.0
R1177M,R1177M,FR2,,2,2,1.0
R1177M,R1177M,FR2,,3,3,1.0
R1177M,R1177M,FR2,,4,4,1.0
R1177M,R1177M,FR2,,5,5,1.0
R1177M,R1177M,FR2,,6,6,1.0
R1177M,R1177M,PS2,PS,0,7,1.0
R1177M,R1177M,PS2,PS,1,8,1.0
R1177M,R1177M,PS2,PS,2,9,1.0
R1177M,R1177M,YC1,,0,0,1.0
R1180C,R1180C,PS2,PS,0,0,1.0
R1180C,R1180C,TH1,,0,1,1.0
R1180C,R1180C,TH1,,1,2,1.0
R1180C,R1180C,TH1,,2,4,1.0
R1180C,R1180C,catFR1,,0,0,1.0
R1180C,R1180C,catFR1,,1,1,1.0
R1180C,R1180C,catFR1,,2,2,1.0
R1180C,R1180C,catFR2,,0,0,1.0
R1182C,R1182C,TH1,,0,0,1.0
R1183T,R1183T,PS2.1,PS,0,0,2.0
R1184M,R1184M,FR1,,0,0,2.0
R1184M,R1184M,FR2,,0,0,1.0
R1184M,R1184M,FR2,,1,1,1.0
R1184M,R1184M,FR2,,2,2,1.0
R1184M,R1184M,FR2,,3,3,1.0
R1184M,R1184M,PS2.1,PS,0,0,2.0
R1184M,R1184M,PS2.1,PS,1,1,2.0
R1184M,R1184M,PS2.1,PS,2,2,2.0
R1184M,R1184M,PS2.1,PS,3,3,2.0
R1184M,R1184M,TH1,,0,0,2.0
R1184M,R1184M,catFR1,,0,0,2.0
R1185N,R1185N_1,FR1,,0,0,1.0
R1185N,R1185N,PAL1,,0,0,1.0
R1185N,R1185N,PAL1,,1,1,1.0
R1185N,R1185N_1,PAL1,,2,0,1.0
R1185N,R1185N_1,PAL2,,0,0,1.0
R1185N,R1185N,PS1,PS,0,1,1.0
R1185N,R1185N_1,PS2,PS,0,0,1.0
R1185N,R1185N,PS3,PS,0,2,1.0
R1186P,R1186P,FR1,,0,0,2.0
R1186P,R1186P,catFR1,,0,0,2.0
R1187P,R1187P,catFR1,,0,0,2.0
R1188C,R1188C,TH1,,0,0,1.0
R1188C,R1188C,catFR1,,0,0,1.0
R1189M,R1189M,FR1,,0,0,2.0
R1189M,R1189M,FR1,,1,1,2.0
R1189M,R1189M,FR1,,2,2,2.0
R1189M,R1189M,TH1,,0,1,2.0
R1189M,R1189M,catFR1,,0,0,2.0
R1190P,R1190P,TH1,,0,0,2.0
R1190P,R1190P,TH1,,1,1,2.0
R1190P,R1190P,TH1,,2,3,2.0
R1190P,R1190P,catFR1,,0,0,2.0
R1190P,R1190P,catFR1,,1,1,2.0
R1191J,R1191J,FR1,,0,0,2.0
R1191J,R1191J,FR1,,1,1,2.0
R1191J,R1191J,FR1,,2,2,2.0
R1191J,R1191J,TH1,,0,6,2.0
R1191J,R1191J_1,catFR1,,1,0,2.0
R1192C,R1192C,TH1,,0,1,1.0
R1192C,R1192C,TH1,,1,3,1.0
R1192C,R1192C,catFR1,,0,0,1.0
R1192C,R1192C,catFR1,,1,1,1.0
R1192C,R1192C,catFR1,,2,2,1.0
R1192C,R1192C,catFR2,,0,0,1.0
R1192C,R1192C,catFR2,,1,1,1.0
R1193T,R1193T,FR1,,0,0,2.0
R1193T,R1193T,FR1,,1,1,2.0
R1193T,R1193T,FR1,,2,3,2.0
R1194E,R1194E,TH1,,0,2,2.0
R1195E,R1195E,FR3,,1,1,2.0
R1195E,R1195E,FR3,,2,2,2.0
R1195E,R1195E,PS2.1,PS,0,0,2.0
R1195E,R1195E,PS2.1,PS,1,1,2.0
R1195E,R1195E,PS2.1,PS,10,10,2.0
R1195E,R1195E,PS2.1,PS,11,11,2.0
R1195E,R1195E,PS2.1,PS,12,12,2.0
R1195E,R1195E,PS2.1,PS,2,2,2.0
R1195E,R1195E,PS2.1,PS,3,3,2.0
R1195E,R1195E,PS2.1,PS,4,4,2.0
R1195E,R1195E,PS2.1,PS,5,5,2.0
R1195E,R1195E,PS2.1,PS,6,6,2.0
R1195E,R1195E,PS2.1,PS,7,7,2.0
R1195E,R1195E,PS2.1,PS,8,8,2.0
R1195E,R1195E,PS2.1,PS,9,9,2.0
R1195E,R1195E,TH1,,0,0,2.0
R1195E,R1195E,TH1,,1,1,2.0
R1195E,R1195E,TH1,,2,4,2.0
R1195E,R1195E,TH1,,3,5,2.0
R1195E,R1195E,TH1,,4,6,2.0
R1196N,R1196N,PAL1,,0,2,1.0
R1196N,R1196N,PAL1,,1,3,1.0
R1196N,R1196N,PAL1,,2,4,2.0
R1196N,R1196N,PAL1,,3,5,2.0
R1196N,R1196N,PAL3,,0,0,2.0
R1196N,R1196N,PS2.1,PS21,0,,2.0
R1196N,R1196N,PS2.1,PS21,1,,2.0
R1200T,R1200T,FR3,,0,0,2.0
R1200T,R1200T,PS2.1,PS,0,0,2.0
R1200T,R1200T,PS2.1,PS,1,1,2.0
R1201P,R1201P_1,PS2.1,PS21,0,0,2.0
R1201P,R1201P_1,PS2.1,PS21,1,1,2.0
R1201P,R1201P_1,PS2.1,PS21,2,2,2.0
R1202M,R1202M,FR1,,0,0,2.0
R1202M,R1202M,FR1,,1,1,2.0
R1202M,R1202M,FR3,,0,0,2.0
R1202M,R1202M,FR3,,1,1,2.0
R1202M,R1202M,PAL1,,0,0,2.0
R1202M,R1202M,PS2.1,PS,0,0,2.0
R1202M,R1202M,PS2.1,PS,1,1,2.0
R1202M,R1202M,PS2.1,PS,2,2,2.0
R1202M,R1202M,PS2.1,PS,3,3,2.0
R1202M,R1202M,PS2.1,PS,4,4,2.0
R1202M,R1202M,PS2.1,PS,5,5,2.0
R1202M,R1202M,PS2.1,PS,6,6,2.0
R1202M,R1202M,PS2.1,PS,7,7,2.0
R1202M,R1202M,PS2.1,PS,8,8,2.0
R1202M,R1202M,PS2.1,PS,9,9,2.0
R1202M,R1202M,TH1,,0,0,2.0
R1202M,R1202M,catFR1,,0,0,2.0
R1202M,R1202M,catFR1,,1,1,2.0
R1203T,R1203T,FR1,,0,0,2.0
R1203T,R1203T,PS2.1,PS,0,0,2.0
R1203T,R1203T,PS2.1,PS,1,1,2.0
R1203T,R1203T,PS2.1,PS,2,2,2.0
R1203T,R1203T,PS2.1,PS,3,3,2.0
R1203T,R1203T,PS2.1,PS,4,4,2.0
R1204T,R1204T,FR1,,0,0,2.0
R1204T,R1204T,FR1,,1,1,2.0
R1204T,R1204T,FR3,,0,0,2.0
R1204T,R1204T,PS2.1,PS,0,0,2.0
R1204T,R1204T,PS2.1,PS,1,1,2.0
R1204T,R1204T,PS2.1,PS,2,2,2.0
R1204T,R1204T,PS2.1,PS,3,3,2.0
R1204T,R1204T,PS2.1,PS,4,4,2.0
R1204T,R1204T,PS2.1,PS,5,5,2.0
R1204T,R1204T,PS2.1,PS,6,6,2.0
R1204T,R1204T,TH1,,0,0,2.0
R1204T,R1204T,TH1,,1,2,2.0
R1204T,R1204T,TH1,,2,3,2.0
R1204T,R1204T,catFR1,,0,0,2.0
R1207J,R1207J,FR1,,0,0,2.0
R1207J,R1207J,FR1,,1,1,2.0
R1207J,R1207J,TH1,,0,5,2.0
R1208C,R1208C,TH1,,0,0,2.0
R1208C,R1208C,TH1,,1,1,2.0
R1208C,R1208C,TH1,,2,2,2.0
R1208C,R1208C,TH1,,3,3,2.0
R1208C,R1208C,TH1,,4,4,2.0
R1208C,R1208C,TH3,,0,1,2.0
R1210E,R1210E,TH1,,0,0,2.0
R1212P,R1212P,PAL1,,0,0,1.0
R1212P,R1212P,PAL1,,1,1,1.0
R1212P,R1212P,PAL1,,2,2,1.0
R1212P,R1212P,PAL1,,3,3,1.0
R1212P,R1212P,TH1,,0,0,1.0
R1212P,R1212P,TH1,,2,3,1.0
R1212P,R1212P,TH1,,3,4,1.0
R1212P,R1212P,TH1,,4,,1.0
R1215M,R1215M,FR1,,0,0,2.0
R1215M,R1215M,FR1,,1,1,2.0
R1215M,R1215M,FR1,,2,2,2.0
R1215M,R1215M,PAL1,,0,0,2.0
R1215M,R1215M,TH1,,0,0,2.0
R1215M,R1215M,TH1,,1,3,2.0
R1215M,R1215M,TH1,,2,4,2.0
R1215M,R1215M,catFR1,,0,0,2.0
R1216E,R1216E_1,FR1,,0,0,2.0
R1216E,R1216E_1,FR1,,1,1,2.0
R1216E,R1216E_1,FR1,,2,10,2.0
R1216E,R1216E_1,PS2.1,PS,0,0,2.0
R1217T,R1217T,FR3,,0,0,2.0
R1217T,R1217T,PS2.1,PS,0,0,2.0
R1217T,R1217T,PS2.1,PS,1,1,2.0
R1217T,R1217T,PS2.1,PS,2,2,2.0
R1217T,R1217T,catFR1,,0,0,2.0
R1219C,R1219C,TH1,,0,0,2.0
R1219C,R1219C,TH1,,1,1,2.0
R1219C,R1219C,TH1,,2,,1.0
R1221P,R1221P,catFR1,CatFR1,0,,1.0
R1221P,R1221P,catFR1,CatFR1,1,,1.0
R1221P,R1221P,catFR1,CatFR1,2,,1.0
R1222M,R1222M,FR1,,0,0,2.0
R1222M,R1222M,FR1,,1,1,2.0
R1222M,R1222M,FR1,,2,2,2.0
R1222M,R1222M,PS2.1,PS,0,0,2.0
R1222M,R1222M,PS2.1,PS,1,1,2.0
R1222M,R1222M,PS2.1,PS,2,2,2.0
R1222M,R1222M,PS2.1,PS,3,3,2.0
R1222M,R1222M,TH1,,0,0,2.0
R1222M,R1222M,TH1,,1,2,2.0
R1222M,R1222M,catFR1,,0,0,2.0
R1223E,R1223E,FR1,,0,0,2.0
R1223E,R1223E,FR1,,1,1,2.0
R1223E,R1223E,FR1,,2,2,2.0
R1223E,R1223E,FR3,,0,1,2.0
R1223E,R1223E,FR3,,1,2,2.0
R1223E,R1223E,PAL1,,0,0,2.0
R1223E,R1223E,PS2.1,PS,0,0,2.0
R1223E,R1223E,PS2.1,PS,1,1,2.0
R1223E,R1223E,PS2.1,PS,2,3,2.0
R1226D,R1226D,catFR3,,0,0,2.0
R1227T,R1227T,TH1,,0,1,2.0
R1227T,R1227T,TH1,,1,2,2.0
R1227T,R1227T,catFR1,,0,0,2.0
R1228M,R1228M,PAL1,,0,0,2.0
R1228M,R1228M,catFR1,,0,0,2.0
R1229M,R1229M,catFR1,,0,1,2.0
R1230J,R1230J,FR1,,2,,2.0
R1230J,R1230J,FR1,,5,,2.0
R1230J,R1230J,FR3,,0,0,2.0
R1230J,R1230J,FR3,,1,,2.0
R1230J,R1230J,PAL1,,0,0,2.0
R1230J,R1230J,PAL1,,1,1,2.0
R1230J,R1230J,PS2.1,PS21,0,0,2.0
R1230J,R1230J,PS2.1,PS,1,1,2.0
R1230J,R1230J,PS2.1,PS,2,2,2.0
R1230J,R1230J,PS2.1,PS,3,3,2.0
R1230J,R1230J,PS2.1,PS,4,5,2.0
R1230J,R1230J,PS2.1,PS,5,7,2.0
R1230J,R1230J,PS2.1,PS,6,8,2.0
R1230J,R1230J,PS2.1,PS,7,9,2.0
R1230J,R1230J,PS2.1,PS,8,10,2.0
R1230J,R1230J,catFR1,,0,0,2.0
R1231M,R1231M,FR1,,0,,2.0
R1231M,R1231M,FR1,,1,,2.0
R1231M,R1231M,catFR1,CatFR1,0,,2.0
R1232N,R1232N,PAL1,,0,0,2.0
R1232N,R1232N,PAL1,,1,1,2.0
R1232N,R1232N,PAL1,,2,2,2.0
R1232N,R1232N,PAL3,,0,0,2.0
R1232N,R1232N,PS2.1,PS,0,0,2.0
R1232N,R1232N,PS2.1,PS,1,1,2.0
R1232N,R1232N,PS2.1,PS,2,2,2.0
R1233E,R1233E,TH1,,0,2,2.0
R1233E,R1233E,TH1,,1,3,2.0
R1233E,R1233E,TH1,,2,5,2.0
R1234D,R1234D,FR1,,0,0,2.0
R1234D,R1234D,FR1,,1,1,2.0
R1234D,R1234D,TH1,,0,0,2.0
R1234D,R1234D,TH1,,1,1,2.0
R1235E,R1235E,FR3,,0,0,2.0
R1236J,R1236J,FR3,,0,0,2.0
R1236J,R1236J,PS2.1,PS21,0,,2.0
R1236J,R1236J,PS2.1,PS21,1,,2.0
R1236J,R1236J,PS2.1,PS21,2,,2.0
R1236J,R1236J,PS2.1,PS21,3,,2.0
R1236J,R1236J,TH1,,0,2,2.0
R1236J,R1236J,TH1,,1,4,2.0
R1236J,R1236J,TH1,,2,5,2.0
R1236J,R1236J,catFR3,,0,0,2.0
R1237C,R1237C,PS2.1,PS,0,1,2.0
R1237C,R1237C,PS2.1,PS,1,2,2.0
R1237C,R1237C,PS2.1,PS,2,3,2.0
R1237C,R1237C,PS2.1,PS,3,4,2.0
R1237C,R1237C,TH1,,0,1,2.0
R1237C,R1237C,TH1,,1,3,2.0
R1237C,R1237C,TH1,,2,6,2.0
R1237C,R1237C,TH1,,3,7,2.0
R1237C,R1237C,TH3,,0,0,2.0
R1237C,R1237C,TH3,,1,1,2.0
R1237C,R1237C,TH3,,2,2,2.0
R1238N,R1238N,PAL1,,0,0,2.0
R1239E,R1239E,catFR1,,0,0,2.0
R1239E,R1239E,catFR1,,1,1,2.0
R1240T,R1240T,FR1,,0,0,2.0
R1240T,R1240T,FR1,,1,1,2.0
R1240T,R1240T,PS2.1,PS21,0,,2.0
R1240T,R1240T,PS2.1,PS21,1,,2.0
R1240T,R1240T,PS2.1,PS21,2,,2.0
R1240T,R1240T,TH1,,0,,2.0
R1240T,R1240T,catFR1,,0,0,2.0
R1241J,R1241J,FR1,,0,0,2.0
R1241J,R1241J,TH1,,1,,2.0
R1241J,R1241J,TH1,,2,,2.0
R1241J,R1241J,TH1,,3,,2.0
R1241J,R1241J,TH1,,4,,2.0
R1241J,R1241J,TH1,,5,,2.0
R1243T,R1243T,FR1,,0,0,2.0
R1243T,R1243T,FR1,,1,1,2.0
R1243T,R1243T,FR1,,2,2,2.0
R1243T,R1243T,FR1,,3,3,2.0
R1243T,R1243T,PS2.1,PS21,0,,2.0
R1243T,R1243T,PS2.1,PS21,1,,2.0
R1243T,R1243T,PS2.1,PS21,2,,2.0
R1243T,R1243T,PS2.1,PS21,3,,2.0
R1243T,R1243T,PS2.1,PS21,4,,2.0
R1243T,R1243T,TH1,,0,,2.0
R1243T,R1243T,TH1,,1,,2.0
R1243T,R1243T,catFR1,,0,0,2.0
R1243T,R1243T,catFR1,,1,1,2.0
R1243T,R1243T,catFR1,,2,2,2.0
R1243T,R1243T,catFR1,,3,3,2.0
R1243T,R1243T,catFR3,,0,0,2.0
R1243T,R1243T,catFR3,,1,1,2.0
R1244J,R1244J,TH1,,0,,2.0
R1244J,R1244J,TH1,,1,,2.0
R1245E,R1245E,catFR1,,0,,2.0
R1247P,R1247P,FR1,,0,0,2.0
R1247P,R1247P_1,PS2.1,PS21,0,0,2.0
R1247P,R1247P,catFR1,CatFR1,1,,2.0
R1247P,R1247P,catFR1,CatFR1,2,,2.0
R1247P,R1247P_1,catFR1,CatFR1,3,0,2.0
R1247P,R1247P_1,catFR1,CatFR1,4,1,2.0
R1247P,R1247P_1,catFR1,CatFR1,5,2,2.0
R1247P,R1247P_1,catFR3,,0,0,2.0
R1248P,R1248P,TH1,,0,,2.0
R1248P,R1248P_1,TH1,,1,0,2.0
R1250N,R1250N,FR1,,0,0,2.0
R1250N,R1250N,PAL1,,0,0,2.0
R1250N,R1250N,PAL1,,1,1,2.0
R1250N,R1250N,PAL1,,2,3,2.0
R1250N,R1250N,PAL1,,3,,2.0
R1250N,R1250N,PAL3,,0,,2.0
R1251M,R1251M,FR1,,0,0,2.0
R1251M,R1251M,PS2.1,PS21,0,,2.0
R1251M,R1251M,PS2.1,PS21,1,,2.0
R1251M,R1251M,PS2.1,PS21,2,,2.0
R1251M,R1251M,PS2.1,PS21,3,,2.0
R1251M,R1251M,TH1,,0,,2.0
R1251M,R1251M,TH1,,1,,2.0
R1251M,R1251M,TH1,,2,,2.0
R1251M,R1251M,catFR1,,0,0,2.0
R1258T,R1258T,TH1,,0,,2.0
R1258T,R1258T,TH1,,1,,2.0
R1258T,R1258T,TH1,,2,,2.0
R1260D,R1260D,FR1,,0,0,2.0
R1260D,R1260D,PS2.1,PS21,0,,2.0
R1260D,R1260D,PS2.1,PS21,1,,2.0
R1260D,R1260D,PS2.1,PS21,2,,2.0
R1260D,R1260D,PS2.1,PS21,3,,2.0
R1260D,R1260D,PS2.1,PS21,4,,2.0
R1260D,R1260D,PS2.1,PS21,5,,2.0
R1260D,R1260D,PS2.1,PS21,6,,2.0
R1260D,R1260D,PS2.1,PS21,7,,2.0
R1260D,R1260D,PS2.1,PS21,8,,2.0
R1260D,R1260D,PS2.1,PS21,9,,2.0
R1260D,R1260D,catFR1,,0,0,2.0
R1260D,R1260D,catFR1,,1,1,2.0
R1261P,R1261P,catFR1,,1,,2.0
R1264P,R1264P,FR1,,0,0,2.0
R1264P,R1264P,catFR1,,0,0,2.0
R1264P,R1264P,catFR1,,1,1,2.0
R1264P,R1264P,catFR3,,0,0,2.0
R1266J,R1266J,catFR1,,1,,2.0
R1266J,R1266J,catFR1,,2,,2.0
R1266J,R1266J,catFR1,,3,,2.0
R1266J,R1266J,catFR1,,5,,2.0
R1267J,R1267J,TH1,,0,,2.0
R1267J,R1267J,TH1,,2,,2.0
R1267J,R1267J,TH1,,4,,2.0
R1268T,R1268T,FR1,,0,,2.0
R1270J,R1270J,TH1,,0,,2.0
R1270J,R1270J,TH1,,2,,2.0
R1271P,R1271P,catFR1,,0,,2.0
R1271P,R1271P,catFR1,,1,,2.0
R1271P,R1271P,catFR1,,4,,2.0
R1273D,R1273D,catFR1,,0,1,2.0
R1273D,R1273D,catFR1,,1,2,2.0
R1273D,R1273D,catFR1,,2,3,2.0
R1274T,R1274T,PS2.1,PS21,0,,2.0
R1274T,R1274T,catFR1,,0,0,2.0
R1274T,R1274T,catFR1,,1,1,2.0
R1274T,R1274T,catFR1,,2,2,2.0
R1274T,R1274T,catFR3,,0,0,2.0
R1276D,R1276D,PAL1,,0,,2.0
R1276D,R1276D,PAL1,,1,,2.0
R1276D,R1276D,PS2.1,PS21,0,,2.0
R1276D,R1276D,PS2.1,PS21,1,,2.0
R1276D,R1276D,PS2.1,PS21,2,,2.0
R1276D,R1276D,PS2.1,PS21,3,,2.0
R1276D,R1276D,PS2.1,PS21,4,,2.0
R1276D,R1276D,PS2.1,PS21,5,,2.0
R1276D,R1276D,TH1,,0,,2.0
R1276D,R1276D,TH1,,1,,2.0
R1276D,R1276D,TH1,,3,,2.0
R1276D,R1276D,TH3,,0,,2.0
R1276D,R1276D,TH3,,1,,2.0
R1276D,R1276D,TH3,,2,,2.0
R1276D,R1276D,TH3,,3,,2.0
R1276D,R1276D,TH3,,5,,2.0
R1277J,R1277J_1,FR1,,0,0,2.0
R1277J,R1277J_1,catFR1,,0,0,2.0
R1277J,R1277J_1,catFR1,,1,1,2.0
R1277J,R1277J_1,catFR3,,0,0,2.0
R1278E,R1278E_2,PAL1,,0,0,2.0
R1278E,R1278E_2,PAL1,,1,1,2.0
R1278E,R1278E_2,PAL1,,2,2,2.0
R1278E,R1278E_2,PAL1,,3,3,2.0
R1278E,R1278E_2,PAL1,,4,4,2.0
R1278E,R1278E_2,PAL3,,0,0,2.0
R1278E,R1278E_2,PAL3,,1,1,2.0
R1278E,R1278E_2,PAL3,,2,2,2.0
R1278E,R1278E_2,PAL3,,3,3,2.0
R1278E,R1278E,TH1,,0,,2.0
R1278E,R1278E,TH1,,1,,2.0
R1278E,R1278E,TH1,,2,,2.0
R1278E,R1278E,TH1,,3,,2.0
R1278E,R1278E,TH1,,4,,2.0
R1278E,R1278E,TH1,,5,,2.0
R1278E,R1278E_1,catFR1,,0,0,2.0
R1278E,R1278E_1,catFR1,,10,10,2.0
R1279P,R1279P_1,catFR1,,0,0,2.0
R1279P,R1279P_1,catFR1,,1,1,2.0
R1283T,R1283T,FR1,,0,,2.0
R1283T,R1283T,FR1,,1,,2.0
R1283T,R1283T,PAL1,,0,,2.0
R1283T,R1283T,PAL1,,1,,2.0
R1283T,R1283T,PAL1,,4,,2.0
R1283T,R1283T,PAL3,,0,,2.0
R1284N,R1284N,PAL1,,0,,2.0
R1284N,R1284N,PAL1,,1,,2.0
R1284N,R1284N,PAL1,,2,,2.0
R1284N,R1284N,PAL3,,2,,1.0
R1284N,R1284N,PS2.1,PS21,0,,1.0
R1285C,R1285C,TH1,,0,,1.0
R1285C,R1285C,TH1,,1,,1.0
R1285C,R1285C,TH1,,2,,1.0
R1285C,R1285C,TH1,,5,,1.0
R1286J,R1286J,FR1,,0,,3.0
R1286J,R1286J,PS2,PS,1,1,3.0
R1286J,R1286J,PS2,PS,2,2,3.0
R1286J,R1286J,PS2,PS,3,3,3.0
R1286J,R1286J,catFR1,,0,,3.0
R1286J,R1286J,catFR1,,1,,3.0
R1286J,R1286J,catFR1,,2,,3.0
R1286J,R1286J,catFR3,,0,,3.0
R1286J,R1286J,catFR3,,1,,3.0
R1288P,R1288P,FR1,,0,,3.0
R1288P,R1288P,catFR1,,0,,3.0
R1289C,R1289C,TH1,,3,,1.0
R1289C,R1289C,TH1,,4,,1.0
R1289C,R1289C,TH1,,5,,1.0
R1289C,R1289C,TH3,,3,,2.0
